{"cameraMode":{"drawMode":0,"name":"Shaded","section":"Shading Mode"},"sceneLighting":false,"audioPlay":false,"sceneViewState":{"m_AlwaysRefresh":false,"showFog":true,"showSkybox":false,"showFlares":true,"showImageEffects":true,"showParticleSystems":true,"showVisualEffectGraphs":true,"m_FxEnabled":true},"in2DMode":false,"pivot":{"x":20.29543685913086,"y":0.947597086429596,"z":1.1920928955078126e-7},"rotation":{"x":-0.008999242447316647,"y":-0.0117027061060071,"z":0.00010530176223255694,"w":-0.9998915195465088},"size":1.8831839561462403,"orthographic":true}