{"cameraMode":{"drawMode":0,"name":"Shaded","section":"Shading Mode"},"sceneLighting":true,"audioPlay":false,"sceneViewState":{"m_AlwaysRefresh":false,"showFog":true,"showSkybox":true,"showFlares":true,"showImageEffects":true,"showParticleSystems":true,"showVisualEffectGraphs":true,"m_FxEnabled":true},"in2DMode":false,"pivot":{"x":0.0341261625289917,"y":1.5165650844573975,"z":-0.0000017881393432617188},"rotation":{"x":-0.008999242447316647,"y":-0.0117027061060071,"z":0.00010530176223255694,"w":-0.9998915195465088},"size":2.3371098041534426,"orthographic":true}