{"cameraMode":{"drawMode":0,"name":"Shaded","section":"Shading Mode"},"sceneLighting":true,"audioPlay":false,"sceneViewState":{"m_AlwaysRefresh":false,"showFog":true,"showSkybox":true,"showFlares":true,"showImageEffects":true,"showParticleSystems":true,"showVisualEffectGraphs":true,"m_FxEnabled":true},"in2DMode":false,"pivot":{"x":6.785466194152832,"y":4.194758892059326,"z":0.1791898012161255},"rotation":{"x":-0.008999242447316647,"y":-0.0117027061060071,"z":0.00010530176223255694,"w":-0.9998915195465088},"size":4.561136722564697,"orthographic":true}