{"cameraMode":{"drawMode":0,"name":"Shaded","section":"Shading Mode"},"sceneLighting":true,"audioPlay":false,"sceneViewState":{"m_AlwaysRefresh":false,"showFog":true,"showSkybox":true,"showFlares":true,"showImageEffects":true,"showParticleSystems":true,"showVisualEffectGraphs":true,"m_FxEnabled":true},"in2DMode":false,"pivot":{"x":-2.778318405151367,"y":0.10723257064819336,"z":-3.255566120147705},"rotation":{"x":-0.13000518083572389,"y":0.043410345911979678,"z":-0.005697514861822128,"w":-0.9905473589897156},"size":4.8492207527160648,"orthographic":true}